<metadata xml:lang="zh"><Esri><CreaDate>20210216</CreaDate><CreaTime>17132000</CreaTime><ArcGISFormat>1.0</ArcGISFormat><SyncOnce>FALSE</SyncOnce><DataProperties><itemProps><itemName Sync="TRUE">绿地</itemName><imsContentType Sync="TRUE">002</imsContentType><itemLocation><linkage Sync="TRUE">file://\\LAPTOP-M1M538S7\D\学习\课程\进行中\GIS课设\GIS原理课设成果\实验二  校园路径\校园图层_由数据库导出备份\绿地.shp</linkage><protocol Sync="TRUE">Local Area Network</protocol></itemLocation><itemSize Sync="TRUE">0.000</itemSize></itemProps><lineage><Process ToolSource="c:\program files (x86)\arcgis\desktop10.5\ArcToolbox\Toolboxes\Data Management Tools.tbx\CopyFeatures" Date="20210216" Time="171320">CopyFeatures 水体 "D:\学习\课程\进行中\GIS课设\GIS原理课设成果\实验二  校园路径\校园地理数据库.mdb\水体" # 0 0 0</Process><Process ToolSource="c:\program files (x86)\arcgis\desktop10.5\ArcToolbox\Toolboxes\Analysis Tools.tbx\SymDiff" Date="20210216" Time="221411">SymDiff 水体 绿地初步 D:\360MoveData\Users\zhaok\Documents\ArcGIS\Default.gdb\lvdi_shuiti_m ALL #</Process><Process ToolSource="c:\program files (x86)\arcgis\desktop10.5\ArcToolbox\Toolboxes\Conversion Tools.tbx\FeatureClassToFeatureClass" Date="20210216" Time="222639">FeatureClassToFeatureClass lvdi_shuiti_m "D:\学习\课程\进行中\GIS课设\GIS原理课设成果\实验二  校园路径\校园各图层" 绿地.shp # "FID_水体 "FID_水体" true true false 4 Long 0 0 ,First,#,lvdi_shuiti_m,FID_水体,-1,-1;FID_ "FID_" true true false 4 Long 0 0 ,First,#,lvdi_shuiti_m,FID_,-1,-1;名称 "名称" true true false 50 Text 0 0 ,First,#,lvdi_shuiti_m,名称,-1,-1;FID_绿地 "FID_绿地" true true false 4 Long 0 0 ,First,#,lvdi_shuiti_m,FID_绿地初步,-1,-1;FID1 "FID_" true true false 4 Long 0 0 ,First,#,lvdi_shuiti_m,FID1,-1,-1;Entity "Entity" true true false 16 Text 0 0 ,First,#,lvdi_shuiti_m,Entity,-1,-1;Layer "Layer" true true false 254 Text 0 0 ,First,#,lvdi_shuiti_m,Layer,-1,-1;Color "Color" true true false 4 Long 0 0 ,First,#,lvdi_shuiti_m,Color,-1,-1;Linetype "Linetype" true true false 254 Text 0 0 ,First,#,lvdi_shuiti_m,Linetype,-1,-1;Elevation "Elevation" true true false 8 Double 0 0 ,First,#,lvdi_shuiti_m,Elevation,-1,-1;LineWt "LineWt" true true false 4 Long 0 0 ,First,#,lvdi_shuiti_m,LineWt,-1,-1;RefName "RefName" true true false 254 Text 0 0 ,First,#,lvdi_shuiti_m,RefName,-1,-1;Shape_Leng "Shape_Leng" false true true 8 Double 0 0 ,First,#,lvdi_shuiti_m,Shape_Length,-1,-1;Shape_Area "Shape_Area" false true true 8 Double 0 0 ,First,#,lvdi_shuiti_m,Shape_Area,-1,-1" #</Process><Process ToolSource="c:\program files (x86)\arcgis\desktop10.5\ArcToolbox\Toolboxes\Conversion Tools.tbx\FeatureClassToFeatureClass" Date="20210216" Time="223219">FeatureClassToFeatureClass 绿地 "D:\学习\课程\进行中\GIS课设\GIS原理课设成果\实验二  校园路径\校园地理数据库.mdb" 绿地 # "FID_水体 "FID_水体" true true false 10 Long 0 10 ,First,#,绿地,FID_水体,-1,-1;FID_ "FID_" true true false 10 Long 0 10 ,First,#,绿地,FID_,-1,-1;名称 "名称" true true false 50 Text 0 0 ,First,#,绿地,名称,-1,-1;FID_绿地 "FID_绿地" true true false 10 Long 0 10 ,First,#,绿地,FID_绿地,-1,-1;FID1 "FID1" true true false 10 Long 0 10 ,First,#,绿地,FID1,-1,-1;Entity "Entity" true true false 16 Text 0 0 ,First,#,绿地,Entity,-1,-1;Layer "Layer" true true false 254 Text 0 0 ,First,#,绿地,Layer,-1,-1;Color "Color" true true false 10 Long 0 10 ,First,#,绿地,Color,-1,-1;Linetype "Linetype" true true false 254 Text 0 0 ,First,#,绿地,Linetype,-1,-1;Elevation "Elevation" true true false 19 Double 0 0 ,First,#,绿地,Elevation,-1,-1;LineWt "LineWt" true true false 10 Long 0 10 ,First,#,绿地,LineWt,-1,-1;RefName "RefName" true true false 254 Text 0 0 ,First,#,绿地,RefName,-1,-1;Shape_Leng "Shape_Leng" true true false 19 Double 0 0 ,First,#,绿地,Shape_Leng,-1,-1;Shape_Area "Shape_Area" true true false 19 Double 0 0 ,First,#,绿地,Shape_Area,-1,-1" #</Process><Process ToolSource="c:\program files (x86)\arcgis\desktop10.5\ArcToolbox\Toolboxes\Data Management Tools.tbx\CopyFeatures" Date="20210216" Time="223336">CopyFeatures "D:\学习\课程\进行中\GIS课设\GIS原理课设成果\实验二  校园路径\校园地理数据库.mdb\绿地" "D:\学习\课程\进行中\GIS课设\GIS原理课设成果\实验二  校园路径\校园图层_由数据库导出备份\绿地.shp" # 0 0 0</Process><Process ToolSource="c:\program files (x86)\arcgis\desktop10.5\ArcToolbox\Toolboxes\Analysis Tools.tbx\Erase" Date="20210216" Time="223507">Erase 绿地 建筑物 "D:\学习\课程\进行中\GIS课设\GIS原理课设成果\实验二  校园路径\校园地理数据库.mdb\绿地_Erase" #</Process><Process ToolSource="c:\program files (x86)\arcgis\desktop10.5\ArcToolbox\Toolboxes\Conversion Tools.tbx\FeatureClassToFeatureClass" Date="20210216" Time="223636">FeatureClassToFeatureClass "D:\学习\课程\进行中\GIS课设\GIS原理课设成果\实验二  校园路径\校园地理数据库.mdb\绿地_Erase" "D:\学习\课程\进行中\GIS课设\GIS原理课设成果\实验二  校园路径\校园图层_由数据库导出备份" 绿地.shp # "FID_水体 "FID_水体" true true false 4 Long 0 0 ,First,#,D:\学习\课程\进行中\GIS课设\GIS原理课设成果\实验二  校园路径\校园地理数据库.mdb\绿地_Erase,FID_水体,-1,-1;FID_ "FID_" true true false 4 Long 0 0 ,First,#,D:\学习\课程\进行中\GIS课设\GIS原理课设成果\实验二  校园路径\校园地理数据库.mdb\绿地_Erase,FID_,-1,-1;名称 "名称" true true false 50 Text 0 0 ,First,#,D:\学习\课程\进行中\GIS课设\GIS原理课设成果\实验二  校园路径\校园地理数据库.mdb\绿地_Erase,名称,-1,-1;FID_绿地 "FID_绿地" true true false 4 Long 0 0 ,First,#,D:\学习\课程\进行中\GIS课设\GIS原理课设成果\实验二  校园路径\校园地理数据库.mdb\绿地_Erase,FID_绿地,-1,-1;FID1 "FID1" true true false 4 Long 0 0 ,First,#,D:\学习\课程\进行中\GIS课设\GIS原理课设成果\实验二  校园路径\校园地理数据库.mdb\绿地_Erase,FID1,-1,-1;Entity "Entity" true true false 16 Text 0 0 ,First,#,D:\学习\课程\进行中\GIS课设\GIS原理课设成果\实验二  校园路径\校园地理数据库.mdb\绿地_Erase,Entity,-1,-1;Layer "Layer" true true false 254 Text 0 0 ,First,#,D:\学习\课程\进行中\GIS课设\GIS原理课设成果\实验二  校园路径\校园地理数据库.mdb\绿地_Erase,Layer,-1,-1;Color "Color" true true false 4 Long 0 0 ,First,#,D:\学习\课程\进行中\GIS课设\GIS原理课设成果\实验二  校园路径\校园地理数据库.mdb\绿地_Erase,Color,-1,-1;Linetype "Linetype" true true false 254 Text 0 0 ,First,#,D:\学习\课程\进行中\GIS课设\GIS原理课设成果\实验二  校园路径\校园地理数据库.mdb\绿地_Erase,Linetype,-1,-1;Elevation "Elevation" true true false 8 Double 0 0 ,First,#,D:\学习\课程\进行中\GIS课设\GIS原理课设成果\实验二  校园路径\校园地理数据库.mdb\绿地_Erase,Elevation,-1,-1;LineWt "LineWt" true true false 4 Long 0 0 ,First,#,D:\学习\课程\进行中\GIS课设\GIS原理课设成果\实验二  校园路径\校园地理数据库.mdb\绿地_Erase,LineWt,-1,-1;RefName "RefName" true true false 254 Text 0 0 ,First,#,D:\学习\课程\进行中\GIS课设\GIS原理课设成果\实验二  校园路径\校园地理数据库.mdb\绿地_Erase,RefName,-1,-1;Shape_Leng "Shape_Leng" true true false 8 Double 0 0 ,First,#,D:\学习\课程\进行中\GIS课设\GIS原理课设成果\实验二  校园路径\校园地理数据库.mdb\绿地_Erase,Shape_Leng,-1,-1;Shape_Le_1 "Shape_Le_1" true true false 8 Double 0 0 ,First,#,D:\学习\课程\进行中\GIS课设\GIS原理课设成果\实验二  校园路径\校园地理数据库.mdb\绿地_Erase,Shape_Le_1,-1,-1;Shape_Le_2 "Shape_Le_2" false true true 8 Double 0 0 ,First,#,D:\学习\课程\进行中\GIS课设\GIS原理课设成果\实验二  校园路径\校园地理数据库.mdb\绿地_Erase,Shape_Length,-1,-1;Shape_Area "Shape_Area" false true true 8 Double 0 0 ,First,#,D:\学习\课程\进行中\GIS课设\GIS原理课设成果\实验二  校园路径\校园地理数据库.mdb\绿地_Erase,Shape_Area,-1,-1" #</Process><Process ToolSource="c:\program files (x86)\arcgis\desktop10.5\ArcToolbox\Toolboxes\Conversion Tools.tbx\FeatureClassToFeatureClass" Date="20210216" Time="223730">FeatureClassToFeatureClass 绿地 "D:\学习\课程\进行中\GIS课设\GIS原理课设成果\实验二  校园路径\校园地理数据库.mdb" 绿地 # "FID_水体 "FID_水体" true true false 10 Long 0 10 ,First,#,绿地,FID_水体,-1,-1;FID_ "FID_" true true false 10 Long 0 10 ,First,#,绿地,FID_,-1,-1;名称 "名称" true true false 50 Text 0 0 ,First,#,绿地,名称,-1,-1;FID_绿地 "FID_绿地" true true false 10 Long 0 10 ,First,#,绿地,FID_绿地,-1,-1;FID1 "FID1" true true false 10 Long 0 10 ,First,#,绿地,FID1,-1,-1;Entity "Entity" true true false 16 Text 0 0 ,First,#,绿地,Entity,-1,-1;Layer "Layer" true true false 254 Text 0 0 ,First,#,绿地,Layer,-1,-1;Color "Color" true true false 10 Long 0 10 ,First,#,绿地,Color,-1,-1;Linetype "Linetype" true true false 254 Text 0 0 ,First,#,绿地,Linetype,-1,-1;Elevation "Elevation" true true false 19 Double 0 0 ,First,#,绿地,Elevation,-1,-1;LineWt "LineWt" true true false 10 Long 0 10 ,First,#,绿地,LineWt,-1,-1;RefName "RefName" true true false 254 Text 0 0 ,First,#,绿地,RefName,-1,-1;Shape_Leng "Shape_Leng" true true false 19 Double 0 0 ,First,#,绿地,Shape_Leng,-1,-1;Shape_Le_1 "Shape_Le_1" true true false 19 Double 0 0 ,First,#,绿地,Shape_Le_1,-1,-1;Shape_Le_2 "Shape_Le_2" true true false 19 Double 0 0 ,First,#,绿地,Shape_Le_2,-1,-1;Shape_Area "Shape_Area" true true false 19 Double 0 0 ,First,#,绿地,Shape_Area,-1,-1" #</Process><Process ToolSource="c:\program files (x86)\arcgis\desktop10.5\ArcToolbox\Toolboxes\Data Management Tools.tbx\CopyFeatures" Date="20210217" Time="160405">CopyFeatures 绿地 "D:\学习\课程\进行中\GIS课设\GIS原理课设成果\实验二  校园路径\校园地理数据库.mdb\校园地物\绿地_1" # 0 0 0</Process><Process ToolSource="c:\program files (x86)\arcgis\desktop10.5\ArcToolbox\Toolboxes\Conversion Tools.tbx\FeatureClassToFeatureClass" Date="20210217" Time="161409">FeatureClassToFeatureClass 绿地_1 "D:\学习\课程\进行中\GIS课设\GIS原理课设成果\实验二  校园路径\校园图层_由数据库导出备份" 绿地.shp # "FID_水体 "FID_水体" true true false 4 Long 0 0 ,First,#,绿地_1,FID_水体,-1,-1;FID_ "FID_" true true false 4 Long 0 0 ,First,#,绿地_1,FID_,-1,-1;名称 "名称" true true false 50 Text 0 0 ,First,#,绿地_1,名称,-1,-1;FID_绿地 "FID_绿地" true true false 4 Long 0 0 ,First,#,绿地_1,FID_绿地,-1,-1;FID1 "FID1" true true false 4 Long 0 0 ,First,#,绿地_1,FID1,-1,-1;Entity "Entity" true true false 16 Text 0 0 ,First,#,绿地_1,Entity,-1,-1;Layer "Layer" true true false 254 Text 0 0 ,First,#,绿地_1,Layer,-1,-1;Color "Color" true true false 4 Long 0 0 ,First,#,绿地_1,Color,-1,-1;Linetype "Linetype" true true false 254 Text 0 0 ,First,#,绿地_1,Linetype,-1,-1;Elevation "Elevation" true true false 8 Double 0 0 ,First,#,绿地_1,Elevation,-1,-1;LineWt "LineWt" true true false 4 Long 0 0 ,First,#,绿地_1,LineWt,-1,-1;RefName "RefName" true true false 254 Text 0 0 ,First,#,绿地_1,RefName,-1,-1;Shape_Leng "Shape_Leng" true true false 8 Double 0 0 ,First,#,绿地_1,Shape_Leng,-1,-1;Shape_Le_1 "Shape_Le_1" true true false 8 Double 0 0 ,First,#,绿地_1,Shape_Le_1,-1,-1;Shape_Le_2 "Shape_Le_2" true true false 8 Double 0 0 ,First,#,绿地_1,Shape_Le_2,-1,-1;Shape_Le_3 "Shape_Le_3" false true true 8 Double 0 0 ,First,#,绿地_1,Shape_Length,-1,-1;Shape_Area "Shape_Area" false true true 8 Double 0 0 ,First,#,绿地_1,Shape_Area,-1,-1" #</Process><Process ToolSource="c:\program files (x86)\arcgis\desktop10.5\ArcToolbox\Toolboxes\Conversion Tools.tbx\FeatureClassToFeatureClass" Date="20210217" Time="161553">FeatureClassToFeatureClass 绿地 "D:\学习\课程\进行中\GIS课设\GIS原理课设成果\实验二  校园路径\校园地理数据库.mdb" 绿地 # "FID_水体 "FID_水体" true true false 10 Long 0 10 ,First,#,绿地,FID_水体,-1,-1;FID_ "FID_" true true false 10 Long 0 10 ,First,#,绿地,FID_,-1,-1;名称 "名称" true true false 50 Text 0 0 ,First,#,绿地,名称,-1,-1;FID_绿地 "FID_绿地" true true false 10 Long 0 10 ,First,#,绿地,FID_绿地,-1,-1;FID1 "FID1" true true false 10 Long 0 10 ,First,#,绿地,FID1,-1,-1;Entity "Entity" true true false 16 Text 0 0 ,First,#,绿地,Entity,-1,-1;Layer "Layer" true true false 254 Text 0 0 ,First,#,绿地,Layer,-1,-1;Color "Color" true true false 10 Long 0 10 ,First,#,绿地,Color,-1,-1;Linetype "Linetype" true true false 254 Text 0 0 ,First,#,绿地,Linetype,-1,-1;Elevation "Elevation" true true false 19 Double 0 0 ,First,#,绿地,Elevation,-1,-1;LineWt "LineWt" true true false 10 Long 0 10 ,First,#,绿地,LineWt,-1,-1;RefName "RefName" true true false 254 Text 0 0 ,First,#,绿地,RefName,-1,-1;Shape_Leng "Shape_Leng" true true false 19 Double 0 0 ,First,#,绿地,Shape_Leng,-1,-1;Shape_Le_1 "Shape_Le_1" true true false 19 Double 0 0 ,First,#,绿地,Shape_Le_1,-1,-1;Shape_Le_2 "Shape_Le_2" true true false 19 Double 0 0 ,First,#,绿地,Shape_Le_2,-1,-1;Shape_Le_3 "Shape_Le_3" true true false 19 Double 0 0 ,First,#,绿地,Shape_Le_3,-1,-1;Shape_Area "Shape_Area" true true false 19 Double 0 0 ,First,#,绿地,Shape_Area,-1,-1" #</Process><Process ToolSource="c:\program files (x86)\arcgis\desktop10.5\ArcToolbox\Toolboxes\Data Management Tools.tbx\CopyFeatures" Date="20210217" Time="163224">CopyFeatures 绿地 "D:\学习\课程\进行中\GIS课设\GIS原理课设成果\实验二  校园路径\校园地理数据库.mdb\校园地物\绿地_1" # 0 0 0</Process><Process ToolSource="c:\program files (x86)\arcgis\desktop10.5\ArcToolbox\Toolboxes\Data Management Tools.tbx\CopyFeatures" Date="20210217" Time="170831">CopyFeatures "D:\学习\课程\进行中\GIS课设\GIS原理课设成果\实验二  校园路径\校园地理数据库.mdb\校园地物\绿地" "D:\学习\课程\进行中\GIS课设\GIS原理课设成果\实验二  校园路径\校园图层_由数据库导出备份\绿地.shp" # 0 0 0</Process><Process ToolSource="c:\program files (x86)\arcgis\desktop10.5\ArcToolbox\Toolboxes\Data Management Tools.tbx\CopyFeatures" Date="20210217" Time="192209">CopyFeatures 绿地 "D:\学习\课程\进行中\GIS课设\GIS原理课设成果\实验二  校园路径\校园地理数据库.mdb\绿地" # 0 0 0</Process><Process ToolSource="c:\program files (x86)\arcgis\desktop10.5\ArcToolbox\Toolboxes\Data Management Tools.tbx\CopyFeatures" Date="20210217" Time="210400">CopyFeatures "D:\学习\课程\进行中\GIS课设\GIS原理课设成果\实验二  校园路径\校园地理数据库.mdb\绿地" "D:\学习\课程\进行中\GIS课设\GIS原理课设成果\实验二  校园路径\校园图层_由数据库导出备份\绿地.shp" # 0 0 0</Process></lineage></DataProperties><SyncDate>20210217</SyncDate><SyncTime>21040000</SyncTime><ModDate>20210217</ModDate><ModTime>21040000</ModTime></Esri><dataIdInfo><envirDesc Sync="TRUE"> Version 6.2 (Build 9200) ; Esri ArcGIS 10.5.0.6491</envirDesc><dataLang><languageCode value="zho" Sync="TRUE"></languageCode><countryCode value="CHN" Sync="TRUE"></countryCode></dataLang><idCitation><resTitle Sync="TRUE">绿地</resTitle><presForm><PresFormCd value="005" Sync="TRUE"></PresFormCd></presForm></idCitation><spatRpType><SpatRepTypCd value="001" Sync="TRUE"></SpatRepTypCd></spatRpType></dataIdInfo><mdLang><languageCode value="zho" Sync="TRUE"></languageCode><countryCode value="CHN" Sync="TRUE"></countryCode></mdLang><distInfo><distFormat><formatName Sync="TRUE">Shapefile</formatName></distFormat><distTranOps><transSize Sync="TRUE">0.000</transSize></distTranOps></distInfo><mdHrLv><ScopeCd value="005" Sync="TRUE"></ScopeCd></mdHrLv><mdHrLvName Sync="TRUE">dataset</mdHrLvName><spatRepInfo><VectSpatRep><geometObjs Name="绿地"><geoObjTyp><GeoObjTypCd value="002" Sync="TRUE"></GeoObjTypCd></geoObjTyp><geoObjCnt Sync="TRUE">0</geoObjCnt></geometObjs><topLvl><TopoLevCd value="001" Sync="TRUE"></TopoLevCd></topLvl></VectSpatRep></spatRepInfo><spdoinfo><ptvctinf><esriterm Name="绿地"><efeatyp Sync="TRUE">Simple</efeatyp><efeageom code="4" Sync="TRUE"></efeageom><esritopo Sync="TRUE">FALSE</esritopo><efeacnt Sync="TRUE">0</efeacnt><spindex Sync="TRUE">FALSE</spindex><linrefer Sync="TRUE">TRUE</linrefer></esriterm></ptvctinf></spdoinfo><eainfo><detailed Name="绿地"><enttyp><enttypl Sync="TRUE">绿地</enttypl><enttypt Sync="TRUE">Feature Class</enttypt><enttypc Sync="TRUE">0</enttypc></enttyp><attr><attrlabl Sync="TRUE">FID</attrlabl><attalias Sync="TRUE">FID</attalias><attrtype Sync="TRUE">OID</attrtype><attwidth Sync="TRUE">4</attwidth><atprecis Sync="TRUE">0</atprecis><attscale Sync="TRUE">0</attscale><attrdef Sync="TRUE">Internal feature number.</attrdef><attrdefs Sync="TRUE">Esri</attrdefs><attrdomv><udom Sync="TRUE">Sequential unique whole numbers that are automatically generated.</udom></attrdomv></attr><attr><attrlabl Sync="TRUE">Shape</attrlabl><attalias Sync="TRUE">Shape</attalias><attrtype Sync="TRUE">Geometry</attrtype><attwidth Sync="TRUE">0</attwidth><atprecis Sync="TRUE">0</atprecis><attscale Sync="TRUE">0</attscale><attrdef Sync="TRUE">Feature geometry.</attrdef><attrdefs Sync="TRUE">Esri</attrdefs><attrdomv><udom Sync="TRUE">Coordinates defining the features.</udom></attrdomv></attr><attr><attrlabl Sync="TRUE">Shape_Leng</attrlabl><attalias Sync="TRUE">Shape_Leng</attalias><attrtype Sync="TRUE">Double</attrtype><attwidth Sync="TRUE">19</attwidth><atprecis Sync="TRUE">0</atprecis><attscale Sync="TRUE">0</attscale></attr><attr><attrlabl Sync="TRUE">Shape_Area</attrlabl><attalias Sync="TRUE">Shape_Area</attalias><attrtype Sync="TRUE">Double</attrtype><attwidth Sync="TRUE">19</attwidth><atprecis Sync="TRUE">0</atprecis><attscale Sync="TRUE">0</attscale><attrdef Sync="TRUE">Area of feature in internal units squared.</attrdef><attrdefs Sync="TRUE">Esri</attrdefs><attrdomv><udom Sync="TRUE">Positive real numbers that are automatically generated.</udom></attrdomv></attr><attr><attrlabl Sync="TRUE">国标编</attrlabl><attalias Sync="TRUE">国标编</attalias><attrtype Sync="TRUE">Integer</attrtype><attwidth Sync="TRUE">10</attwidth><atprecis Sync="TRUE">10</atprecis><attscale Sync="TRUE">0</attscale></attr></detailed></eainfo><mdDateSt Sync="TRUE">20210217</mdDateSt></metadata>
