<metadata xml:lang="zh"><Esri><CreaDate>20210217</CreaDate><CreaTime>17091800</CreaTime><ArcGISFormat>1.0</ArcGISFormat><SyncOnce>FALSE</SyncOnce><DataProperties><itemProps><itemName Sync="TRUE">行车路线</itemName><imsContentType Sync="TRUE">002</imsContentType><itemLocation><linkage Sync="TRUE">file://\\LAPTOP-M1M538S7\D\学习\课程\进行中\GIS课设\GIS原理课设成果\实验二  校园路径\校园图层_由数据库导出备份\行车路线.shp</linkage><protocol Sync="TRUE">Local Area Network</protocol></itemLocation><itemSize Sync="TRUE">0.000</itemSize></itemProps><lineage><Process ToolSource="c:\program files (x86)\arcgis\desktop10.5\ArcToolbox\Toolboxes\Conversion Tools.tbx\FeatureClassToFeatureClass" Date="20210217" Time="170918">FeatureClassToFeatureClass "D:\学习\课程\进行中\GIS课设\GIS原理课设成果\实验二  校园路径\校园各图层\校园围墙.shp" "D:\学习\课程\进行中\GIS课设\GIS原理课设成果\实验二  校园路径\校园地理数据库.mdb" 校园围墙 # "FID_ "FID_" true true false 10 Long 0 10 ,First,#,D:\学习\课程\进行中\GIS课设\GIS原理课设成果\实验二  校园路径\校园各图层\校园围墙.shp,FID_,-1,-1;Entity "Entity" true true false 16 Text 0 0 ,First,#,D:\学习\课程\进行中\GIS课设\GIS原理课设成果\实验二  校园路径\校园各图层\校园围墙.shp,Entity,-1,-1;Layer "Layer" true true false 254 Text 0 0 ,First,#,D:\学习\课程\进行中\GIS课设\GIS原理课设成果\实验二  校园路径\校园各图层\校园围墙.shp,Layer,-1,-1;Color "Color" true true false 5 Long 0 5 ,First,#,D:\学习\课程\进行中\GIS课设\GIS原理课设成果\实验二  校园路径\校园各图层\校园围墙.shp,Color,-1,-1;Linetype "Linetype" true true false 254 Text 0 0 ,First,#,D:\学习\课程\进行中\GIS课设\GIS原理课设成果\实验二  校园路径\校园各图层\校园围墙.shp,Linetype,-1,-1;Elevation "Elevation" true true false 19 Double 0 0 ,First,#,D:\学习\课程\进行中\GIS课设\GIS原理课设成果\实验二  校园路径\校园各图层\校园围墙.shp,Elevation,-1,-1;LineWt "LineWt" true true false 5 Long 0 5 ,First,#,D:\学习\课程\进行中\GIS课设\GIS原理课设成果\实验二  校园路径\校园各图层\校园围墙.shp,LineWt,-1,-1;RefName "RefName" true true false 254 Text 0 0 ,First,#,D:\学习\课程\进行中\GIS课设\GIS原理课设成果\实验二  校园路径\校园各图层\校园围墙.shp,RefName,-1,-1" #</Process><Process ToolSource="c:\program files (x86)\arcgis\desktop10.5\ArcToolbox\Toolboxes\Data Management Tools.tbx\FeatureToPolygon" Date="20210217" Time="171256">FeatureToPolygon 校园围墙 "D:\学习\课程\进行中\GIS课设\GIS原理课设成果\实验二  校园路径\校园地理数据库.mdb\道路" # ATTRIBUTES #</Process><Process ToolSource="c:\program files (x86)\arcgis\desktop10.5\ArcToolbox\Toolboxes\Analysis Tools.tbx\Erase" Date="20210217" Time="171436">Erase 道路 绿地 "D:\学习\课程\进行中\GIS课设\GIS原理课设成果\实验二  校园路径\校园地理数据库.mdb\主要道路" #</Process><Process ToolSource="c:\program files (x86)\arcgis\desktop10.5\ArcToolbox\Toolboxes\Conversion Tools.tbx\FeatureClassToFeatureClass" Date="20210217" Time="191654">FeatureClassToFeatureClass "D:\学习\课程\进行中\GIS课设\GIS原理课设成果\实验二  校园路径\校园地理数据库.mdb\主要道路" "D:\学习\课程\进行中\GIS课设\GIS原理课设成果\实验二  校园路径\校园图层_由数据库导出备份" 主要道路.shp # "Shape_Leng "Shape_Leng" false true true 8 Double 0 0 ,First,#,D:\学习\课程\进行中\GIS课设\GIS原理课设成果\实验二  校园路径\校园地理数据库.mdb\主要道路,Shape_Length,-1,-1;Shape_Area "Shape_Area" false true true 8 Double 0 0 ,First,#,D:\学习\课程\进行中\GIS课设\GIS原理课设成果\实验二  校园路径\校园地理数据库.mdb\主要道路,Shape_Area,-1,-1" #</Process><Process ToolSource="c:\program files (x86)\arcgis\desktop10.5\ArcToolbox\Toolboxes\Data Management Tools.tbx\CopyFeatures" Date="20210217" Time="192207">CopyFeatures 主要道路 "D:\学习\课程\进行中\GIS课设\GIS原理课设成果\实验二  校园路径\校园地理数据库.mdb\主要道路" # 0 0 0</Process><Process ToolSource="c:\program files (x86)\arcgis\desktop10.5\ArcToolbox\Toolboxes\Data Management Tools.tbx\CopyFeatures" Date="20210217" Time="210510">CopyFeatures 主要道路 "D:\学习\课程\进行中\GIS课设\GIS原理课设成果\实验二  校园路径\校园地理数据库.mdb\校园地物\主要道路_1" # 0 0 0</Process><Process ToolSource="c:\program files (x86)\arcgis\desktop10.5\ArcToolbox\Toolboxes\Data Management Tools.tbx\PolygonToLine" Date="20210217" Time="212948">PolygonToLine 主要道路_1 "D:\学习\课程\进行中\GIS课设\GIS原理课设成果\实验二  校园路径\校园地理数据库.mdb\主要道路_1_PolygonToLine" IDENTIFY_NEIGHBORS</Process><Process ToolSource="c:\program files (x86)\arcgis\desktop10.5\ArcToolbox\Toolboxes\Cartography Tools.tbx\CollapseDualLinesToCenterline" Date="20210217" Time="213728">CollapseDualLinesToCenterline 主要道路_1_PolygonToLine "D:\学习\课程\进行中\GIS课设\GIS原理课设成果\实验二  校园路径\校园地理数据库.mdb\行车路线" "60 Unknown" "0 Unknown"</Process><Process ToolSource="c:\program files (x86)\arcgis\desktop10.5\ArcToolbox\Toolboxes\Conversion Tools.tbx\FeatureClassToFeatureClass" Date="20210217" Time="215940">FeatureClassToFeatureClass "D:\学习\课程\进行中\GIS课设\GIS原理课设成果\实验二  校园路径\校园地理数据库.mdb\行车路线" "D:\学习\课程\进行中\GIS课设\GIS原理课设成果\实验二  校园路径\校园图层_由数据库导出备份" 行车路线.shp # "Shape_Leng "Shape_Leng" false true true 8 Double 0 0 ,First,#,D:\学习\课程\进行中\GIS课设\GIS原理课设成果\实验二  校园路径\校园地理数据库.mdb\行车路线,Shape_Length,-1,-1;国标编 "国标编" true true false 4 Long 0 0 ,First,#,D:\学习\课程\进行中\GIS课设\GIS原理课设成果\实验二  校园路径\校园地理数据库.mdb\行车路线,国标编码,-1,-1;道路名 "道路名" true true false 50 Text 0 0 ,First,#,D:\学习\课程\进行中\GIS课设\GIS原理课设成果\实验二  校园路径\校园地理数据库.mdb\行车路线,道路名称,-1,-1" #</Process></lineage></DataProperties><SyncDate>20210217</SyncDate><SyncTime>21593900</SyncTime><ModDate>20210217</ModDate><ModTime>21593900</ModTime></Esri><dataIdInfo><envirDesc Sync="TRUE"> Version 6.2 (Build 9200) ; Esri ArcGIS 10.5.0.6491</envirDesc><dataLang><languageCode value="zho" Sync="TRUE"></languageCode><countryCode value="CHN" Sync="TRUE"></countryCode></dataLang><idCitation><resTitle Sync="TRUE">行车路线</resTitle><presForm><PresFormCd value="005" Sync="TRUE"></PresFormCd></presForm></idCitation><spatRpType><SpatRepTypCd value="001" Sync="TRUE"></SpatRepTypCd></spatRpType></dataIdInfo><mdLang><languageCode value="zho" Sync="TRUE"></languageCode><countryCode value="CHN" Sync="TRUE"></countryCode></mdLang><distInfo><distFormat><formatName Sync="TRUE">Shapefile</formatName></distFormat><distTranOps><transSize Sync="TRUE">0.000</transSize></distTranOps></distInfo><mdHrLv><ScopeCd value="005" Sync="TRUE"></ScopeCd></mdHrLv><mdHrLvName Sync="TRUE">dataset</mdHrLvName><spatRepInfo><VectSpatRep><geometObjs Name="行车路线"><geoObjTyp><GeoObjTypCd value="002" Sync="TRUE"></GeoObjTypCd></geoObjTyp><geoObjCnt Sync="TRUE">0</geoObjCnt></geometObjs><topLvl><TopoLevCd value="001" Sync="TRUE"></TopoLevCd></topLvl></VectSpatRep></spatRepInfo><spdoinfo><ptvctinf><esriterm Name="行车路线"><efeatyp Sync="TRUE">Simple</efeatyp><efeageom code="3" Sync="TRUE"></efeageom><esritopo Sync="TRUE">FALSE</esritopo><efeacnt Sync="TRUE">0</efeacnt><spindex Sync="TRUE">FALSE</spindex><linrefer Sync="TRUE">TRUE</linrefer></esriterm></ptvctinf></spdoinfo><eainfo><detailed Name="行车路线"><enttyp><enttypl Sync="TRUE">行车路线</enttypl><enttypt Sync="TRUE">Feature Class</enttypt><enttypc Sync="TRUE">0</enttypc></enttyp><attr><attrlabl Sync="TRUE">FID</attrlabl><attalias Sync="TRUE">FID</attalias><attrtype Sync="TRUE">OID</attrtype><attwidth Sync="TRUE">4</attwidth><atprecis Sync="TRUE">0</atprecis><attscale Sync="TRUE">0</attscale><attrdef Sync="TRUE">Internal feature number.</attrdef><attrdefs Sync="TRUE">Esri</attrdefs><attrdomv><udom Sync="TRUE">Sequential unique whole numbers that are automatically generated.</udom></attrdomv></attr><attr><attrlabl Sync="TRUE">Shape</attrlabl><attalias Sync="TRUE">Shape</attalias><attrtype Sync="TRUE">Geometry</attrtype><attwidth Sync="TRUE">0</attwidth><atprecis Sync="TRUE">0</atprecis><attscale Sync="TRUE">0</attscale><attrdef Sync="TRUE">Feature geometry.</attrdef><attrdefs Sync="TRUE">Esri</attrdefs><attrdomv><udom Sync="TRUE">Coordinates defining the features.</udom></attrdomv></attr><attr><attrlabl Sync="TRUE">Shape_Leng</attrlabl><attalias Sync="TRUE">Shape_Leng</attalias><attrtype Sync="TRUE">Double</attrtype><attwidth Sync="TRUE">19</attwidth><atprecis Sync="TRUE">0</atprecis><attscale Sync="TRUE">0</attscale></attr><attr><attrlabl Sync="TRUE">国标编</attrlabl><attalias Sync="TRUE">国标编</attalias><attrtype Sync="TRUE">Integer</attrtype><attwidth Sync="TRUE">10</attwidth><atprecis Sync="TRUE">10</atprecis><attscale Sync="TRUE">0</attscale></attr><attr><attrlabl Sync="TRUE">道路名</attrlabl><attalias Sync="TRUE">道路名</attalias><attrtype Sync="TRUE">String</attrtype><attwidth Sync="TRUE">50</attwidth><atprecis Sync="TRUE">0</atprecis><attscale Sync="TRUE">0</attscale></attr></detailed></eainfo><mdDateSt Sync="TRUE">20210217</mdDateSt></metadata>
